{"cameraMode":{"drawMode":0,"name":"Shaded","section":"Shading Mode"},"sceneLighting":false,"audioPlay":false,"sceneViewState":{"showFog":true,"showMaterialUpdate":false,"showSkybox":true,"showFlares":true,"showImageEffects":true,"showParticleSystems":true},"in2DMode":false,"pivot":{"x":-7.4874701499938969,"y":0.3604583740234375,"z":-10.850229263305664},"rotation":{"x":-0.015803208574652673,"y":0.9803736805915833,"z":-0.17567428946495057,"w":-0.08817431330680847},"size":8.748751640319825,"orthographic":false}