{"cameraMode":{"drawMode":0,"name":"Shaded","section":"Shading Mode"},"sceneLighting":true,"audioPlay":false,"sceneViewState":{"showFog":true,"showMaterialUpdate":true,"showSkybox":true,"showFlares":true,"showImageEffects":true,"showParticleSystems":true},"in2DMode":false,"pivot":{"x":-1.2351384162902833,"y":0.3655984103679657,"z":-1.890077829360962},"rotation":{"x":-0.08464114367961884,"y":-0.06065355986356735,"z":0.005154577549546957,"w":-0.9945728182792664},"size":10.67296314239502,"orthographic":false}