{"cameraMode":{"drawMode":0,"name":"Shaded","section":"Shading Mode"},"sceneLighting":false,"audioPlay":false,"sceneViewState":{"showFog":true,"showMaterialUpdate":true,"showSkybox":true,"showFlares":true,"showImageEffects":true,"showParticleSystems":true},"in2DMode":false,"pivot":{"x":-0.0394667387008667,"y":0.810631513595581,"z":-0.07721371203660965},"rotation":{"x":0.10054977238178253,"y":0.7437918782234192,"z":-0.11494184285402298,"w":0.6507818698883057},"size":3.6938934326171877,"orthographic":false}