{"cameraMode":{"drawMode":0,"name":"Shaded","section":"Shading Mode"},"sceneLighting":false,"audioPlay":false,"sceneViewState":{"showFog":true,"showMaterialUpdate":true,"showSkybox":true,"showFlares":true,"showImageEffects":true,"showParticleSystems":true},"in2DMode":false,"pivot":{"x":17.941368103027345,"y":1.5748283863067628,"z":8.46950912475586},"rotation":{"x":0.05771267041563988,"y":0.9294533729553223,"z":-0.32492923736572268,"w":0.1651058793067932},"size":111.41348266601563,"orthographic":false}