{"cameraMode":{"drawMode":0,"name":"Shaded","section":"Shading Mode"},"sceneLighting":true,"audioPlay":false,"sceneViewState":{"showFog":true,"showMaterialUpdate":false,"showSkybox":true,"showFlares":true,"showImageEffects":true,"showParticleSystems":true},"in2DMode":false,"pivot":{"x":-2.07582688331604,"y":-4.436847686767578,"z":13.520273208618164},"rotation":{"x":-0.18498685956001283,"y":-0.13310281932353974,"z":0.02529616840183735,"w":-0.9733608365058899},"size":28.248449325561525,"orthographic":false}