{"cameraMode":{"drawMode":0,"name":"Shaded","section":"Shading Mode"},"sceneLighting":false,"audioPlay":false,"sceneViewState":{"showFog":true,"showMaterialUpdate":false,"showSkybox":true,"showFlares":true,"showImageEffects":true,"showParticleSystems":true},"in2DMode":false,"pivot":{"x":0.0,"y":8.215953826904297,"z":1.1999998092651368},"rotation":{"x":-0.18498685956001283,"y":-0.13310281932353974,"z":0.02529616840183735,"w":-0.9733608365058899},"size":61.295406341552737,"orthographic":false}